제품 ID,제품명,브랜드명,용량,공식 상품 상세
1,원더 세라마이드 모찌 토너,토니모리,500,https://tonymoly.com/products/wonder-ceramide-mochi-toner.do?i_sProductcd=TM20250324000150898
2,아쿠아 오아시스 토너,에스네이처,300,https://snature.kr/product/아쿠아-오아시스-토너-300ml/79/
3,다이브인 저분자 히알루론산 토너,토리든,300,https://www.torriden.com/goods/goods_view.php?goodsNo=90
4,1025 독도 토너,라운드랩,500,https://roundlab.co.kr/product/1025-독도-토너-대용량-500ml/14/
5,초저분자 히아루론산 토너,이즈앤트리,300,https://isntree.com/product/초저분자-히아루론산-토너-300ml/56/
6,피치마이크로바이옴 78 피디알엔 토너,라보레브,125,
7,무알콜 뮤신 에센스 토너,비그린,150,https://m.vegreen.co.kr/product/무알콜-뮤신-에센스-토너-150ml/11/
8,어성초 77 히알루론산 수분 진정 토너,아누아,250,https://anua.kr/product/detail.html?product_no=496
9,올리고 히알루론산 딥 토너,더랩바이블랑두,200,https://blancdoux.com/product/올리고-히알루론산-딥-토너-200ml/169/
10,판테놀 베리어 토너,코스노리,205,
11,나인 토너,닥터트웬티프로젝트,300,https://dr20project.com/product/나인-토너-300ml/175/
12,하이드라 셀 부스팅 토너,이플미,400,
13,세라마이드 쌀 그리미 밀크 토너,인요에,200,https://inyoe.co.kr/product/인요에-세라마이드-쌀-그리미-밀크-토너-200ml/11/
14,어성초 진정해 수분 토너,프리메이,350,
15,플로라 글로우 로즈 리퀴드 마스크,마몽드,80,https://www.amoremall.com/kr/ko/product/detail?onlineProdCode=110650001161&onlineProdSn=60774
16,리얼 히알루로닉 100 토너,웰라쥬,200,https://wellage.co.kr/product/리얼-히알루로닉-100-토너-200ml/1468/
17,레드 블레미쉬 10-시카 캡슐 수딩 토너,닥터지,300,
18,다이브인 저분자 히알루론산 스킨부스터,토리든,200,https://www.torriden.com/goods/goods_view.php?goodsNo=59
19,녹두 모공 클리어링 라하 토너,비플레인,265,https://beplain.co.kr/shop/shopdetail.html?branduid=10739052
20,어성초 카밍 토너 스킨 부스터,아비브,200,https://abib.com/product/detail.html?product_no=133
21,비피다 바이옴 앰플 토너,마녀공장,400,https://www.manyo.co.kr/goods/goods_view.php?goodsNo=1326
22,시카테롤 토너,비플레인,200,https://www.beplain.co.kr/index.html?branduid=139
23,아토베리어365 캡슐 토너,에스트라,300,https://www.amoremall.com/kr/ko/product/detail?onlineProdCode=150100000685&onlineProdSn=69857
24,하이드라비오 토너,바이오더마,250,https://naosmall.kr/product/바이오더마-하이드라비오-토너-250ml/1305/
25,크림 스킨 세라펩타이드™ 리파이너,라네즈,170,https://www.laneige.com/product/크림-스킨-세라펩타이드-리파이너/65/
26,하이드라비오 에센스 로션,바이오더마,200,https://naosmall.kr/product/detail.html?product_no=1437
27,1번 진정 맑게담은 청초토너,넘버즈인,300,https://numbuzin.com/product/1번-진정-맑게담은-청초토너-300ml/24/
28,티트리 시카 수딩 토너,브링그린,250,https://www.oliveyoung.co.kr/store/goods/getGoodsDetail.do?goodsNo=A000000189181
29,오리지널 웰빙 녹차스킨,시드물,150,https://www.sidmool.com/shop/shopdetail.html?branduid=99
30,세라마이드 릴리프 하이드레이션 토너,YBK,120,https://ybk-cosmetics.com/product/세라마이드-릴리프-하이드레이션-토너-120ml/10/
31,아토베리어365 크림,에스트라,80,https://www.amoremall.com/kr/ko/product/detail?onlineProdCode=150100000305&onlineProdSn=60892
32,리얼 히알루로닉 수딩 크림,웰라쥬,80,https://wellage.co.kr/product/리얼-히알루로닉-수딩-크림-80ml/1769/
33,아쿠아 스쿠알란 수분크림,에스네이처,80,
34,다이브인 저분자 히알루론산 수딩 크림,토리든,100,https://www.torriden.com/goods/goods_view.php?goodsNo=132
35,PDRN 히알루론산 100 수분 크림,아누아,60,https://anua.kr/product/detail.html?product_no=402
36,다이브인 저분자 히알루론산 크림,토리든,100,
37,녹두 모공 타이트업 수딩 크림,비플레인,60,https://www.beplain.co.kr/index.html?branduid=10739022
38,레드 블레미쉬 클리어 수딩 크림,닥터지,70,
39,진정한 수분크림,프리메이,100,
40,판테놀 크림,아토팜,80,
41,레드 블레미쉬 클리어 수딩 크림 EX,닥터지,70,
42,더마 배리어 P 크림,셀린저,100,
43,데일리 페이셜 크림,에코미니멀,250,https://ecominimal.co.kr/product/데일리-페이셜-크림-250ml/9/
44,인테카 수딩 크림,메이크프렘,80,
45,밸런스풀 시카 진정 크림,토리든,80,https://www.torriden.com/goods/goods_view.php?goodsNo=162
46,모이스춰 닥터 크림,아이소이,50,
47,마다가스카르 리얼 수분크림,시드물,80,https://www.sidmool.com/shop/shopdetail.html?branduid=77051
48,엑토덤 액티브 베리어 크림,라비앙,50,https://lavien.co.kr/product/detail.html?product_no=837
49,시카비오 크림+,바이오더마,100,
50,어성초 히알루론 수딩 크림,구달,75,
51,자작나무 수분 크림,라운드랩,80,https://roundlab.co.kr/product/자작나무-수분-크림-80ml/94/
52,그린 콜라겐 아이크림 포 페이스,리더스,30,https://m.leaderscosmetics.com/product/detail.html?product_no=842
53,MLE 크림,아토팜,160,
54,DMT 페이셜크림,피지오겔,150,
55,더 세라마이드 스킨 베리어 모이스처라이저,코스알엑스,80,https://cosrx.co.kr/shop/shopdetail.html?branduid=1177698
56,아토베리어365 하이드로 수딩크림,에스트라,80,https://www.amoremall.com/kr/ko/product/detail?onlineProdCode=150100000054&onlineProdSn=50007
57,노스카나인 트러블 크림,파티온,45,
58,시카좀 카밍 워터 젤 크림,리브엠,100,https://reveam.co.kr/product/detail.html?product_no=55
59,아토덤 울트라 크림,바이오더마,500,https://naosmall.kr/product/detail.html?product_no=1301
60,데일리 컨셔스 크림,쓰리노프,55,
61,녹두 약산성 클렌징폼,비플레인,120,
62,다시마 앰플 클렌징폼,션리,120,
63,다이브인 저분자 히알루론산 클렌징 폼,토리든,150,https://www.torriden.com/goods/goods_view.php?goodsNo=153
64,아쿠아 라이스 약산성 클렌징 폼,에스네이처,160,
65,어린 새싹 딥 클렌징 폼,수이스킨,320,
66,골든 호호바 10% 듀얼 마이크로 버블 클렌저,노마디아,140,https://nomadiaskin.kr/product/detail.html?product_no=12
67,릴리프 하이드레이션 라이트 폼 클렌저,YBK,150,https://ybk-cosmetics.com/product/릴리프-하이드레이션-라이트-폼-클렌저-150ml/18/
68,더마 크림 팩 클렌저 [마데카소사이드 진정 장벽],메디힐,120,https://medihealshop.com/product/detail.html?product_no=1659
69,햇쌀 데일리 폼 클렌저,프리메이,150,
70,포어 퓨리파잉 살리실산 포밍 클렌저,주미소,120,
71,세이프 미 릴리프 모이스처 클렌징폼,메이크프렘,170,
72,1025 독도 클렌저,라운드랩,150,https://roundlab.co.kr/product/1025-독도-클렌저-150ml/36/
73,딥 클린 폼 클렌저 수분초 히알루론 폼,아비브,150,https://abib.com/product/detail.html?product_no=306
74,밸런스풀 시카 포어 클렌징 폼,토리든,300,
75,화산송이 바하 모공 폼 클렌징,이니스프리,150,https://www.innisfree.com/kr/ko/dp/product/34513
76,어성초 쿼세티놀™ 모공 딥 클렌징 폼,아누아,150,
77,어린쑥 클렌징 흡착 팩폼,한율,120,https://www.amoremall.com/kr/ko/product/detail?onlineProdCode=111650000881&onlineProdSn=61343
78,리커버리 머드 팩투폼 클렌저,비알머드,110,
79,레드 락토 콜라겐 클리어 폼클렌저 2.0,메디필,120,
80,그린 토마토 클레이 팩 클렌저,풀리,120,https://www.full-y.co.kr/product/detail.html?product_no=28
81,마이크로 폼 클렌저,라곰,150,https://m.lagom.kr/product/마이크로-폼-클렌저-150ml/9/
82,아토베리어365 클렌징폼,에스트라,200,
83,PDRN 히알루론산 수분 클렌징 폼,아누아,150,https://anua.kr/product/detail.html?product_no=463
84,테라크네 365 클리어 딥 클렌징 폼,에스트라,200,https://www.amoremall.com/kr/ko/product/detail?onlineProdCode=150100000048&onlineProdSn=48589
85,아크네 폼 클렌저 어성초 폼,아비브,150,https://abib.com/product/acne-foam-cleanser/132/
86,아미노산 쌀 도우 클렌징 폼,인요에,120,https://inyoe.co.kr/product/인요에-아미노산-쌀-도우-클렌징-폼-120ml/16/
87,어니언 뉴페어 클렌징 폼,이즈앤트리,150,https://isntree.com/product/어니언-뉴페어-클렌징-폼-150ml/123/
88,하이 아미노 올 클렌저,듀이트리,150,
89,프레시 그린 클렌저 떡솝,아렌시아,120,https://arencia.com/product/프레시-그린-클렌저-떡솝-120g/78/
90,순정 약산성 6.5 휩 클렌저,에뛰드,250,
